ID	TOT_POP	CTYNAME
1001	3903	Autauga County
1003	13224	Baldwin County
1005	1717	Barbour County
1007	1657	Bibb County
1009	3977	Blount County
1011	665	Bullock County
1013	1129	Butler County
1015	7202	Calhoun County
1017	2245	Chambers County
1019	1759	Cherokee County
1021	2828	Chilton County
1023	863	Choctaw County
1025	1610	Clarke County
1027	916	Clay County
1029	1014	Cleburne County
1031	3437	Coffee County
1033	3543	Colbert County
1035	764	Conecuh County
1037	799	Coosa County
1039	2284	Covington County
1041	842	Crenshaw County
1043	5217	Cullman County
1045	2876	Dale County
1047	2290	Dallas County
1049	4765	DeKalb County
1051	5521	Elmore County
1053	2379	Escambia County
1055	6950	Etowah County
1057	1069	Fayette County
1059	1973	Franklin County
1061	1807	Geneva County
1063	454	Greene County
1065	830	Hale County
1067	1064	Henry County
1069	6521	Houston County
1071	3441	Jackson County
1073	40253	Jefferson County
1075	859	Lamar County
1077	5821	Lauderdale County
1079	2408	Lawrence County
1081	9275	Lee County
1083	6765	Limestone County
1085	637	Lowndes County
1087	985	Macon County
1089	23925	Madison County
1091	1217	Marengo County
1093	2095	Marion County
1095	6114	Marshall County
1097	24982	Mobile County
1099	1394	Monroe County
1101	13362	Montgomery County
1103	8123	Morgan County
1105	503	Perry County
1107	1485	Pickens County
1109	1672	Pike County
1111	1443	Randolph County
1113	3630	Russell County
1115	5963	St. Clair County
1117	14948	Shelby County
1119	685	Sumter County
1121	5492	Talladega County
1123	2652	Tallapoosa County
1125	11119	Tuscaloosa County
1127	4300	Walker County
1129	1153	Washington County
1131	619	Wilcox County
1133	1635	Winston County
2013	399	Aleutians East Borough
2016	622	Aleutians West Census Area
2020	17875	Anchorage Municipality
2050	938	Bethel Census Area
2060	60	Bristol Bay Borough
2068	152	Denali Borough
2070	276	Dillingham Census Area
2090	5114	Fairbanks North Star Borough
2100	188	Haines Borough
2105	149	Hoonah-Angoon Census Area
2110	2214	Juneau City and Borough
2122	3482	Kenai Peninsula Borough
2130	881	Ketchikan Gateway Borough
2150	861	Kodiak Island Borough
2158	392	Kusilvak Census Area
2164	72	Lake and Peninsula Borough
2170	6241	Matanuska-Susitna Borough
2180	488	Nome Census Area
2185	736	North Slope Borough
2188	400	Northwest Arctic Borough
2195	198	Petersburg Borough
2198	445	Prince of Wales-Hyder Census Area
2220	516	Sitka City and Borough
2230	88	Skagway Municipality
2240	458	Southeast Fairbanks Census Area
2261	613	Valdez-Cordova Census Area
2275	136	Wrangell City and Borough
2282	48	Yakutat City and Borough
2290	280	Yukon-Koyukuk Census Area
4001	4022	Apache County
4003	6746	Cochise County
4005	7168	Coconino County
4007	2782	Gila County
4009	2101	Graham County
4011	570	Greenlee County
4012	908	La Paz County
4013	268223	Maricopa County
4015	10937	Mohave County
4017	5838	Navajo County
4019	55568	Pima County
4021	22591	Pinal County
4023	2755	Santa Cruz County
4025	11208	Yavapai County
4027	11092	Yuma County
5001	1089	Arkansas County
5003	1343	Ashley County
5005	2264	Baxter County
5007	16237	Benton County
5009	2238	Boone County
5011	706	Bradley County
5013	363	Calhoun County
5015	1588	Carroll County
5017	623	Chicot County
5019	1109	Clark County
5021	1023	Clay County
5023	1474	Cleburne County
5025	515	Cleveland County
5027	1356	Columbia County
5029	1246	Conway County
5031	6015	Craighead County
5033	4052	Crawford County
5035	3025	Crittenden County
5037	1072	Cross County
5039	419	Dallas County
5041	643	Desha County
5043	1039	Drew County
5045	6975	Faulkner County
5047	1083	Franklin County
5049	746	Fulton County
5051	5713	Garland County
5053	1208	Grant County
5055	2917	Greene County
5057	1304	Hempstead County
5059	2144	Hot Spring County
5061	805	Howard County
5063	2283	Independence County
5065	860	Izard County
5067	1127	Jackson County
5069	4310	Jefferson County
5071	1562	Johnson County
5073	434	Lafayette County
5075	980	Lawrence County
5077	691	Lee County
5079	1001	Lincoln County
5081	789	Little River County
5083	1449	Logan County
5085	4684	Lonoke County
5087	1004	Madison County
5089	962	Marion County
5091	2851	Miller County
5093	2602	Mississippi County
5095	437	Monroe County
5097	567	Montgomery County
5099	533	Nevada County
5101	435	Newton County
5103	1393	Ouachita County
5105	725	Perry County
5107	1035	Phillips County
5109	705	Pike County
5111	1525	Poinsett County
5113	1204	Polk County
5115	3756	Pope County
5117	547	Prairie County
5119	23815	Pulaski County
5121	1080	Randolph County
5123	1607	St. Francis County
5125	7414	Saline County
5127	657	Scott County
5129	465	Searcy County
5131	8130	Sebastian County
5133	1033	Sevier County
5135	976	Sharp County
5137	642	Stone County
5139	2464	Union County
5141	944	Van Buren County
5143	12509	Washington County
5145	4826	White County
5147	377	Woodruff County
5149	1384	Yell County
6001	113936	Alameda County
6003	77	Alpine County
6005	2373	Amador County
6007	11746	Butte County
6009	2605	Calaveras County
6011	1303	Colusa County
6013	81667	Contra Costa County
6015	1649	Del Norte County
6017	12443	El Dorado County
6019	56005	Fresno County
6021	1566	Glenn County
6023	6981	Humboldt County
6025	10712	Imperial County
6027	988	Inyo County
6029	51891	Kern County
6031	9388	Kings County
6033	3798	Lake County
6035	2205	Lassen County
6037	704682	Los Angeles County
6039	9261	Madera County
6041	21036	Marin County
6043	963	Mariposa County
6045	5101	Mendocino County
6047	15567	Merced County
6049	508	Modoc County
6051	889	Mono County
6053	26503	Monterey County
6055	9587	Napa County
6057	5586	Nevada County
6059	229944	Orange County
6061	25985	Placer County
6063	985	Plumas County
6065	151970	Riverside County
6067	96094	Sacramento County
6069	4000	San Benito County
6071	135048	San Bernardino County
6073	210020	San Diego County
6075	60885	San Francisco County
6077	46178	San Joaquin County
6079	15578	San Luis Obispo County
6081	55197	San Mateo County
6083	24853	Santa Barbara County
6085	139105	Santa Clara County
6087	17288	Santa Cruz County
6089	10276	Shasta County
6091	164	Sierra County
6093	2332	Siskiyou County
6095	27849	Solano County
6097	32386	Sonoma County
6099	33230	Stanislaus County
6101	5868	Sutter County
6103	3679	Tehama County
6105	696	Trinity County
6107	26313	Tulare County
6109	2980	Tuolumne County
6111	57647	Ventura County
6113	11989	Yolo County
6115	4045	Yuba County
8001	31638	Adams County
8003	760	Alamosa County
8005	41888	Arapahoe County
8007	661	Archuleta County
8009	181	Baca County
8011	415	Bent County
8013	20941	Boulder County
8014	4768	Broomfield County
8015	1131	Chaffee County
8017	95	Cheyenne County
8019	696	Clear Creek County
8021	452	Conejos County
8023	190	Costilla County
8025	480	Crowley County
8027	235	Custer County
8029	1602	Delta County
8031	41399	Denver County
8033	110	Dolores County
8035	27489	Douglas County
8037	4236	Eagle County
8039	1916	Elbert County
8041	39912	El Paso County
8043	3127	Fremont County
8045	3932	Garfield County
8047	456	Gilpin County
8049	986	Grand County
8051	987	Gunnison County
8053	35	Hinsdale County
8055	323	Huerfano County
8057	74	Jackson County
8059	37991	Jefferson County
8061	64	Kiowa County
8063	441	Kit Carson County
8065	460	Lake County
8067	3328	La Plata County
8069	18201	Larimer County
8071	797	Las Animas County
8073	377	Lincoln County
8075	1324	Logan County
8077	7985	Mesa County
8079	38	Mineral County
8081	764	Moffat County
8083	1523	Montezuma County
8085	2324	Montrose County
8087	1671	Morgan County
8089	952	Otero County
8091	272	Ouray County
8093	1196	Park County
8095	241	Phillips County
8097	1391	Pitkin County
8099	627	Prowers County
8101	9555	Pueblo County
8103	343	Rio Blanco County
8105	605	Rio Grande County
8107	1696	Routt County
8109	319	Saguache County
8111	35	San Juan County
8113	670	San Miguel County
8115	115	Sedgwick County
8117	2214	Summit County
8119	1579	Teller County
8121	296	Washington County
8123	17763	Weld County
8125	582	Yuma County
9001	71750	Fairfield County
9003	61768	Hartford County
9005	14057	Litchfield County
9007	12444	Middlesex County
9009	59662	New Haven County
9011	18563	New London County
9013	10056	Tolland County
9015	8183	Windham County
10001	10763	Kent County
10003	37811	New Castle County
10005	12317	Sussex County
11001	38488	District of Columbia
12001	12590	Alachua County
12003	1939	Baker County
12005	11470	Bay County
12007	1706	Bradford County
12009	35006	Brevard County
12011	135305	Broward County
12013	1003	Calhoun County
12015	8575	Charlotte County
12017	7332	Citrus County
12019	14245	Clay County
12021	20500	Collier County
12023	4188	Columbia County
12027	2094	DeSoto County
12029	1003	Dixie County
12031	58052	Duval County
12033	17720	Escambia County
12035	6019	Flagler County
12037	740	Franklin County
12039	2946	Gadsden County
12041	1080	Gilchrist County
12043	832	Glades County
12045	1175	Gulf County
12047	903	Hamilton County
12049	1659	Hardee County
12051	2391	Hendry County
12053	10678	Hernando County
12055	4808	Highlands County
12057	91052	Hillsborough County
12059	1329	Holmes County
12061	8195	Indian River County
12063	3260	Jackson County
12065	991	Jefferson County
12067	579	Lafayette County
12069	19792	Lake County
12071	40535	Lee County
12073	14606	Leon County
12075	2299	Levy County
12077	678	Liberty County
12079	1224	Madison County
12081	21823	Manatee County
12083	19615	Marion County
12085	9565	Martin County
12086	196816	Miami-Dade County
12087	5515	Monroe County
12089	5112	Nassau County
12091	11257	Okaloosa County
12093	2445	Okeechobee County
12095	86786	Orange County
12097	21812	Osceola County
12099	92488	Palm Beach County
12101	32868	Pasco County
12103	61861	Pinellas County
12105	39009	Polk County
12107	4033	Putnam County
12109	16107	St. Johns County
12111	18442	St. Lucie County
12113	11487	Santa Rosa County
12115	22328	Sarasota County
12117	31905	Seminole County
12119	3826	Sumter County
12121	2638	Suwannee County
12123	1484	Taylor County
12125	971	Union County
12127	30948	Volusia County
12129	2438	Wakulla County
12131	4055	Walton County
12133	1709	Washington County
13001	1134	Appling County
13003	567	Atkinson County
13005	727	Bacon County
13007	191	Baker County
13009	2595	Baldwin County
13011	1273	Banks County
13013	5011	Barrow County
13015	7550	Bartow County
13017	1076	Ben Hill County
13019	1282	Berrien County
13021	9028	Bibb County
13023	788	Bleckley County
13025	1320	Brantley County
13027	984	Brooks County
13029	2290	Bryan County
13031	3591	Bulloch County
13033	1352	Burke County
13035	1632	Butts County
13037	496	Calhoun County
13039	2996	Camden County
13043	622	Candler County
13045	7231	Carroll County
13047	4636	Catoosa County
13049	935	Charlton County
13051	16098	Chatham County
13053	276	Chattahoochee County
13055	1697	Chattooga County
13057	18366	Cherokee County
13059	5479	Clarke County
13061	135	Clay County
13063	18806	Clayton County
13065	388	Clinch County
13067	54592	Cobb County
13069	2805	Coffee County
13071	2904	Colquitt County
13073	9677	Columbia County
13075	1127	Cook County
13077	10611	Coweta County
13079	869	Crawford County
13081	1391	Crisp County
13083	1004	Dade County
13085	1602	Dawson County
13087	1754	Decatur County
13089	50687	DeKalb County
13091	1571	Dodge County
13093	986	Dooly County
13095	5171	Dougherty County
13097	10832	Douglas County
13099	663	Early County
13101	232	Echols County
13103	4002	Effingham County
13105	1209	Elbert County
13107	1338	Emanuel County
13109	646	Evans County
13111	1404	Fannin County
13113	8358	Fayette County
13115	6042	Floyd County
13117	18887	Forsyth County
13119	1451	Franklin County
13121	71904	Fulton County
13123	1763	Gilmer County
13125	213	Glascock County
13127	5153	Glynn County
13129	4044	Gordon County
13131	1558	Grady County
13133	859	Greene County
13135	68633	Gwinnett County
13137	2888	Habersham County
13139	13215	Hall County
13141	541	Hancock County
13143	2099	Haralson County
13145	2454	Harris County
13147	1670	Hart County
13149	824	Heard County
13151	17240	Henry County
13153	9535	Houston County
13155	620	Irwin County
13157	4626	Jackson County
13159	968	Jasper County
13161	953	Jeff Davis County
13163	1001	Jefferson County
13165	556	Jenkins County
13167	710	Johnson County
13169	1966	Jones County
13171	1115	Lamar County
13173	617	Lanier County
13175	3042	Laurens County
13177	2121	Lee County
13179	2863	Liberty County
13181	467	Lincoln County
13183	1058	Long County
13185	5934	Lowndes County
13187	1726	Lumpkin County
13189	1341	McDuffie County
13191	904	McIntosh County
13193	876	Macon County
13195	1918	Madison County
13197	571	Marion County
13199	1293	Meriwether County
13201	379	Miller County
13205	1450	Mitchell County
13207	1842	Monroe County
13209	614	Montgomery County
13211	1220	Morgan County
13213	2863	Murray County
13215	11419	Muscogee County
13217	7693	Newton County
13219	2757	Oconee County
13221	1061	Oglethorpe County
13223	12431	Paulding County
13225	1608	Peach County
13227	2019	Pickens County
13229	1287	Pierce County
13231	1345	Pike County
13233	2632	Polk County
13235	805	Pulaski County
13237	1323	Putnam County
13239	131	Quitman County
13241	955	Rabun County
13243	358	Randolph County
13245	11091	Richmond County
13247	6240	Rockdale County
13249	416	Schley County
13251	908	Screven County
13253	519	Seminole County
13255	3985	Spalding County
13257	1559	Stephens County
13259	369	Stewart County
13261	1823	Sumter County
13263	404	Talbot County
13265	93	Taliaferro County
13267	1772	Tattnall County
13269	529	Taylor County
13271	1198	Telfair County
13273	508	Terrell County
13275	2825	Thomas County
13277	2417	Tift County
13279	1622	Toombs County
13281	546	Towns County
13283	419	Treutlen County
13285	4323	Troup County
13287	478	Turner County
13289	539	Twiggs County
13291	1217	Union County
13293	1721	Upson County
13295	4430	Walker County
13297	6554	Walton County
13299	2190	Ware County
13301	346	Warren County
13303	1318	Washington County
13305	1903	Wayne County
13307	184	Webster County
13309	632	Wheeler County
13311	1751	White County
13313	7084	Whitfield County
13315	651	Wilcox County
13317	626	Wilkes County
13319	577	Wilkinson County
13321	1318	Worth County
15001	11058	Hawaii County
15003	59459	Honolulu County
15005	8	Kalawao County
15007	4406	Kauai County
15009	10877	Maui County
16001	28645	Ada County
16003	182	Adams County
16005	4406	Bannock County
16007	295	Bear Lake County
16009	511	Benewah County
16011	2356	Bingham County
16013	1477	Blaine County
16015	440	Boise County
16017	2347	Bonner County
16019	5675	Bonneville County
16021	631	Boundary County
16023	114	Butte County
16025	54	Camas County
16027	12050	Canyon County
16029	353	Caribou County
16031	1125	Cassia County
16033	55	Clark County
16035	558	Clearwater County
16037	216	Custer County
16039	1334	Elmore County
16041	661	Franklin County
16043	765	Fremont County
16045	1017	Gem County
16047	851	Gooding County
16049	850	Idaho County
16051	1377	Jefferson County
16053	1260	Jerome County
16055	9326	Kootenai County
16057	1780	Latah County
16059	389	Lemhi County
16061	186	Lewis County
16063	280	Lincoln County
16065	1204	Madison County
16067	1096	Minidoka County
16069	2375	Nez Perce County
16071	224	Oneida County
16073	644	Owyhee County
16075	1379	Payette County
16077	405	Power County
16079	764	Shoshone County
16081	845	Teton County
16083	4323	Twin Falls County
16085	603	Valley County
16087	556	Washington County
17001	3976	Adams County
17003	388	Alexander County
17005	1098	Bond County
17007	3984	Boone County
17009	448	Brown County
17011	2174	Bureau County
17013	337	Calhoun County
17015	821	Carroll County
17017	843	Cass County
17019	10028	Champaign County
17021	2190	Christian County
17023	1010	Clark County
17025	812	Clay County
17027	2578	Clinton County
17029	2699	Coles County
17031	336836	Cook County
17033	1248	Crawford County
17035	691	Cumberland County
17037	5797	DeKalb County
17039	1075	De Witt County
17041	1147	Douglas County
17043	65401	DuPage County
17045	1009	Edgar County
17047	415	Edwards County
17049	2013	Effingham County
17051	1434	Fayette County
17053	813	Ford County
17055	2539	Franklin County
17057	2342	Fulton County
17059	309	Gallatin County
17061	845	Greene County
17063	3563	Grundy County
17065	482	Hamilton County
17067	1084	Hancock County
17069	278	Hardin County
17071	435	Henderson County
17073	3060	Henry County
17075	1706	Iroquois County
17077	2839	Jackson County
17079	601	Jasper County
17081	2485	Jefferson County
17083	1437	Jersey County
17085	1287	Jo Daviess County
17087	890	Johnson County
17089	38167	Kane County
17091	6964	Kankakee County
17093	9222	Kendall County
17095	2985	Knox County
17097	51385	Lake County
17099	7117	LaSalle County
17101	1038	Lawrence County
17103	2359	Lee County
17105	2317	Livingston County
17107	1866	Logan County
17109	1446	McDonough County
17111	24452	McHenry County
17113	9941	McLean County
17115	6194	Macon County
17117	2870	Macoupin County
17119	16997	Madison County
17121	2232	Marion County
17123	740	Marshall County
17125	886	Mason County
17127	938	Massac County
17129	784	Menard County
17131	1027	Mercer County
17133	2378	Monroe County
17135	1847	Montgomery County
17137	2070	Morgan County
17139	839	Moultrie County
17141	3546	Ogle County
17143	11165	Peoria County
17145	1315	Perry County
17147	993	Piatt County
17149	1016	Pike County
17151	253	Pope County
17153	290	Pulaski County
17155	364	Putnam County
17157	2138	Randolph County
17159	938	Richland County
17161	8594	Rock Island County
17163	16859	St. Clair County
17165	1602	Saline County
17167	12564	Sangamon County
17169	519	Schuyler County
17171	321	Scott County
17173	1325	Shelby County
17175	333	Stark County
17177	2891	Stephenson County
17179	8606	Tazewell County
17181	1118	Union County
17183	4622	Vermilion County
17185	635	Wabash County
17187	975	Warren County
17189	863	Washington County
17191	1004	Wayne County
17193	850	White County
17195	3582	Whiteside County
17197	53747	Will County
17199	4181	Williamson County
17201	18663	Winnebago County
17203	2449	Woodford County
18001	1960	Adams County
18003	22663	Allen County
18005	5181	Bartholomew County
18007	575	Benton County
18009	771	Blackford County
18011	4620	Boone County
18013	1006	Brown County
18015	1252	Carroll County
18017	2461	Cass County
18019	7543	Clark County
18021	1713	Clay County
18023	1986	Clinton County
18025	664	Crawford County
18027	1814	Daviess County
18029	3529	Dearborn County
18031	1635	Decatur County
18033	2767	DeKalb County
18035	6572	Delaware County
18037	2813	Dubois County
18039	12799	Elkhart County
18041	1522	Fayette County
18043	5140	Floyd County
18045	1105	Fountain County
18047	1549	Franklin County
18049	1207	Fulton County
18051	2188	Gibson County
18053	4059	Grant County
18055	2220	Greene County
18057	23829	Hamilton County
18059	5222	Hancock County
18061	2569	Harrison County
18063	11217	Hendricks County
18065	3394	Henry County
18067	5131	Howard County
18069	2286	Huntington County
18071	2913	Jackson County
18073	2053	Jasper County
18075	1383	Jay County
18077	2139	Jefferson County
18079	2047	Jennings County
18081	10032	Johnson County
18083	2105	Knox County
18085	4900	Kosciusko County
18087	2075	LaGrange County
18089	30807	Lake County
18091	7284	LaPorte County
18093	3005	Lawrence County
18095	8630	Madison County
18097	56414	Marion County
18099	2982	Marshall County
18101	627	Martin County
18103	2466	Miami County
18105	7027	Monroe County
18107	2419	Montgomery County
18109	5053	Morgan County
18111	888	Newton County
18113	3061	Noble County
18115	366	Ohio County
18117	1282	Orange County
18119	1417	Owen County
18121	1109	Parke County
18123	1191	Perry County
18125	813	Pike County
18127	10984	Porter County
18129	1648	Posey County
18131	806	Pulaski County
18133	2477	Putnam County
18135	1580	Randolph County
18137	1934	Ripley County
18139	1130	Rush County
18141	16110	St. Joseph County
18143	1698	Scott County
18145	2985	Shelby County
18147	1354	Spencer County
18149	1445	Starke County
18151	2235	Steuben County
18153	1416	Sullivan County
18155	731	Switzerland County
18157	9301	Tippecanoe County
18159	1080	Tipton County
18161	530	Union County
18163	10490	Vanderburgh County
18165	1003	Vermillion County
18167	6349	Vigo County
18169	1931	Wabash County
18171	588	Warren County
18173	3992	Warrick County
18175	1919	Washington County
18177	4245	Wayne County
18179	1671	Wells County
18181	1479	White County
18183	2171	Whitley County
19001	418	Adair County
19003	199	Adams County
19005	833	Allamakee County
19007	699	Appanoose County
19009	337	Audubon County
19011	1781	Benton County
19013	7100	Black Hawk County
19015	1615	Boone County
19017	1453	Bremer County
19019	1227	Buchanan County
19021	1089	Buena Vista County
19023	892	Butler County
19025	541	Calhoun County
19027	1190	Carroll County
19029	693	Cass County
19031	1183	Cedar County
19033	2499	Cerro Gordo County
19035	611	Cherokee County
19037	726	Chickasaw County
19039	560	Clarke County
19041	918	Clay County
19043	978	Clayton County
19045	2972	Clinton County
19047	991	Crawford County
19049	5464	Dallas County
19051	469	Davis County
19053	380	Decatur County
19055	1060	Delaware County
19057	2353	Des Moines County
19059	938	Dickinson County
19061	5899	Dubuque County
19063	516	Emmet County
19065	1188	Fayette County
19067	939	Floyd County
19069	590	Franklin County
19071	371	Fremont County
19073	531	Greene County
19075	732	Grundy County
19077	651	Guthrie County
19079	899	Hamilton County
19081	555	Hancock County
19083	979	Hardin County
19085	873	Harrison County
19087	1266	Henry County
19089	511	Howard County
19091	515	Humboldt County
19093	360	Ida County
19095	1046	Iowa County
19097	1270	Jackson County
19099	2412	Jasper County
19101	820	Jefferson County
19103	7434	Johnson County
19105	1305	Jones County
19107	544	Keokuk County
19109	824	Kossuth County
19111	2121	Lee County
19113	14089	Linn County
19115	693	Louisa County
19117	525	Lucas County
19119	640	Lyon County
19121	1138	Madison County
19123	1273	Mahaska County
19125	1976	Marion County
19127	2345	Marshall County
19129	1008	Mills County
19131	596	Mitchell County
19133	462	Monona County
19135	524	Monroe County
19137	604	Montgomery County
19139	2709	Muscatine County
19141	757	O'Brien County
19143	367	Osceola County
19145	871	Page County
19147	450	Palo Alto County
19149	1559	Plymouth County
19151	370	Pocahontas County
19153	30513	Polk County
19155	5637	Pottawattamie County
19157	1045	Poweshiek County
19159	257	Ringgold County
19161	587	Sac County
19163	11060	Scott County
19165	762	Shelby County
19167	1733	Sioux County
19169	4135	Story County
19171	1156	Tama County
19173	334	Taylor County
19175	691	Union County
19177	441	Van Buren County
19179	2114	Wapello County
19181	3268	Warren County
19183	1352	Washington County
19185	313	Wayne County
19187	2116	Webster County
19189	569	Winnebago County
19191	1169	Winneshiek County
19193	6088	Woodbury County
19195	478	Worth County
19197	686	Wright County
20001	683	Allen County
20003	438	Anderson County
20005	953	Atchison County
20007	257	Barber County
20009	1401	Barton County
20011	715	Bourbon County
20013	535	Brown County
20015	4169	Butler County
20017	142	Chase County
20019	175	Chautauqua County
20021	1334	Cherokee County
20023	119	Cheyenne County
20025	113	Clark County
20027	461	Clay County
20029	512	Cloud County
20031	512	Coffey County
20033	75	Comanche County
20035	2068	Cowley County
20037	2021	Crawford County
20039	155	Decatur County
20041	1122	Dickinson County
20043	455	Doniphan County
20045	5641	Douglas County
20047	163	Edwards County
20049	147	Elk County
20051	1387	Ellis County
20053	374	Ellsworth County
20055	2239	Finney County
20057	2093	Ford County
20059	1528	Franklin County
20061	1275	Geary County
20063	111	Gove County
20065	132	Graham County
20067	435	Grant County
20069	345	Gray County
20071	40	Greeley County
20073	351	Greenwood County
20075	124	Hamilton County
20077	306	Harper County
20079	1868	Harvey County
20081	225	Haskell County
20083	93	Hodgeman County
20085	890	Jackson County
20087	1254	Jefferson County
20089	136	Jewell County
20091	39080	Johnson County
20093	218	Kearny County
20095	434	Kingman County
20097	129	Kiowa County
20099	1259	Labette County
20101	110	Lane County
20103	5095	Leavenworth County
20105	171	Lincoln County
20107	556	Linn County
20109	113	Logan County
20111	1686	Lyon County
20113	1480	McPherson County
20115	660	Marion County
20117	488	Marshall County
20119	291	Meade County
20121	2267	Miami County
20123	300	Mitchell County
20125	1852	Montgomery County
20127	314	Morris County
20129	163	Morton County
20131	558	Nemaha County
20133	954	Neosho County
20135	128	Ness County
20137	376	Norton County
20139	903	Osage County
20141	184	Osborne County
20143	324	Ottawa County
20145	392	Pawnee County
20147	272	Phillips County
20149	1250	Pottawatomie County
20151	443	Pratt County
20153	124	Rawlins County
20155	3547	Reno County
20157	243	Republic County
20159	481	Rice County
20161	2393	Riley County
20163	269	Rooks County
20165	181	Rush County
20167	361	Russell County
20169	3518	Saline County
20171	305	Scott County
20173	29427	Sedgwick County
20175	1432	Seward County
20177	10438	Shawnee County
20179	113	Sheridan County
20181	318	Sherman County
20183	181	Smith County
20185	230	Stafford County
20187	117	Stanton County
20189	364	Stevens County
20191	1299	Sumner County
20193	343	Thomas County
20195	155	Trego County
20197	369	Wabaunsee County
20199	64	Wallace County
20201	307	Washington County
20203	124	Wichita County
20205	471	Wilson County
20207	167	Woodson County
20209	9332	Wyandotte County
21001	1251	Adair County
21003	1386	Allen County
21005	1597	Anderson County
21007	543	Ballard County
21009	2863	Barren County
21011	823	Bath County
21013	1847	Bell County
21015	9369	Boone County
21017	1353	Bourbon County
21019	3217	Boyd County
21021	1983	Boyle County
21023	594	Bracken County
21025	932	Breathitt County
21027	1323	Breckinridge County
21029	5690	Bullitt County
21031	813	Butler County
21033	783	Caldwell County
21035	2067	Calloway County
21037	5859	Campbell County
21039	303	Carlisle County
21041	665	Carroll County
21043	1865	Carter County
21045	1016	Casey County
21047	3260	Christian County
21049	2436	Clark County
21051	1507	Clay County
21053	708	Clinton County
21055	581	Crittenden County
21057	442	Cumberland County
21059	6117	Daviess County
21061	739	Edmonson County
21063	531	Elliott County
21065	1074	Estill County
21067	18899	Fayette County
21069	997	Fleming County
21071	2464	Floyd County
21073	3363	Franklin County
21075	388	Fulton County
21077	668	Gallatin County
21079	1218	Garrard County
21081	1771	Grant County
21083	2336	Graves County
21085	1649	Grayson County
21087	735	Green County
21089	2411	Greenup County
21091	595	Hancock County
21093	6955	Hardin County
21095	1811	Harlan County
21097	1314	Harrison County
21099	1265	Hart County
21101	2934	Henderson County
21103	1069	Henry County
21105	297	Hickman County
21107	3034	Hopkins County
21109	923	Jackson County
21111	47326	Jefferson County
21113	3432	Jessamine County
21115	1586	Johnson County
21117	10805	Kenton County
21119	1091	Knott County
21121	2026	Knox County
21123	909	Larue County
21125	4174	Laurel County
21127	1052	Lawrence County
21129	537	Lee County
21131	721	Leslie County
21133	1494	Letcher County
21135	937	Lewis County
21137	1679	Lincoln County
21139	625	Livingston County
21141	1723	Logan County
21143	568	Lyon County
21145	4011	McCracken County
21147	1303	McCreary County
21149	653	McLean County
21151	5398	Madison County
21153	943	Magoffin County
21155	1295	Marion County
21157	2038	Marshall County
21159	818	Martin County
21161	1142	Mason County
21163	1960	Meade County
21165	402	Menifee County
21167	1428	Mercer County
21169	682	Metcalfe County
21171	705	Monroe County
21173	1951	Montgomery County
21175	961	Morgan County
21177	2056	Muhlenberg County
21179	3146	Nelson County
21181	541	Nicholas County
21183	1465	Ohio County
21185	5475	Oldham County
21187	713	Owen County
21189	325	Owsley County
21191	1092	Pendleton County
21193	1944	Perry County
21195	4276	Pike County
21197	818	Powell County
21199	4283	Pulaski County
21201	149	Robertson County
21203	1246	Rockcastle County
21205	1422	Rowan County
21207	1153	Russell County
21209	3724	Scott County
21211	3233	Shelby County
21213	1176	Simpson County
21215	1479	Spencer County
21217	1525	Taylor County
21219	777	Todd County
21221	963	Trigg County
21223	669	Trimble County
21225	851	Union County
21227	6947	Warren County
21229	798	Washington County
21231	1386	Wayne County
21233	880	Webster County
21235	2297	Whitley County
21237	433	Wolfe County
21239	1746	Woodford County
22001	3874	Acadia Parish
22003	1774	Allen Parish
22005	8555	Ascension Parish
22007	1540	Assumption Parish
22009	2660	Avoyelles Parish
22011	2273	Beauregard Parish
22013	853	Bienville Parish
22015	7271	Bossier Parish
22017	14206	Caddo Parish
22019	11742	Calcasieu Parish
22021	627	Caldwell Parish
22023	450	Cameron Parish
22025	558	Catahoula Parish
22027	1088	Claiborne Parish
22029	1161	Concordia Parish
22031	1667	De Soto Parish
22033	24525	East Baton Rouge Parish
22035	428	East Carroll Parish
22037	1341	East Feliciana Parish
22039	2094	Evangeline Parish
22041	1168	Franklin Parish
22043	1454	Grant Parish
22045	4596	Iberia Parish
22047	2240	Iberville Parish
22049	992	Jackson Parish
22051	27160	Jefferson Parish
22053	1876	Jefferson Davis Parish
22055	14346	Lafayette Parish
22057	6538	Lafourche Parish
22059	907	LaSalle Parish
22061	2128	Lincoln Parish
22063	9143	Livingston Parish
22065	755	Madison Parish
22067	1586	Morehouse Parish
22069	2083	Natchitoches Parish
22071	23514	Orleans Parish
22073	9341	Ouachita Parish
22075	1592	Plaquemines Parish
22077	1365	Pointe Coupee Parish
22079	7926	Rapides Parish
22081	544	Red River Parish
22083	1159	Richland Parish
22085	1455	Sabine Parish
22087	2636	St. Bernard Parish
22089	3674	St. Charles Parish
22091	635	St. Helena Parish
22093	1469	St. James Parish
22095	2824	St. John the Baptist Parish
22097	4971	St. Landry Parish
22099	3495	St. Martin Parish
22101	3359	St. Mary Parish
22103	17045	St. Tammany Parish
22105	7599	Tangipahoa Parish
22107	230	Tensas Parish
22109	7268	Terrebonne Parish
22111	1315	Union Parish
22113	3752	Vermilion Parish
22115	2508	Vernon Parish
22117	2748	Washington Parish
22119	2409	Webster Parish
22121	1649	West Baton Rouge Parish
22123	665	West Carroll Parish
22125	1411	West Feliciana Parish
22127	1021	Winn Parish
23001	7337	Androscoggin County
23003	4559	Aroostook County
23005	20490	Cumberland County
23007	1841	Franklin County
23009	3514	Hancock County
23011	8409	Kennebec County
23013	2520	Knox County
23015	2061	Lincoln County
23017	3887	Oxford County
23019	9990	Penobscot County
23021	1107	Piscataquis County
23023	2393	Sagadahoc County
23025	3710	Somerset County
23027	2504	Waldo County
23029	2007	Washington County
23031	14011	York County
24001	4506	Allegany County
24003	39414	Anne Arundel County
24005	53469	Baltimore County
24009	7167	Calvert County
24011	2177	Caroline County
24013	13120	Carroll County
24015	7608	Cecil County
24017	12612	Charles County
24019	2023	Dorchester County
24021	18629	Frederick County
24023	1932	Garrett County
24025	17985	Harford County
24027	23781	Howard County
24029	1044	Kent County
24031	74468	Montgomery County
24033	64016	Prince George's County
24035	3809	Queen Anne's County
24037	8086	St. Mary's County
24039	1508	Somerset County
24041	2255	Talbot County
24043	10808	Washington County
24045	5908	Wicomico County
24047	3256	Worcester County
24510	36823	Baltimore city
25001	12888	Barnstable County
25003	8327	Berkshire County
25005	40894	Bristol County
25007	1182	Dukes County
25009	54909	Essex County
25011	4753	Franklin County
25013	30632	Hampden County
25015	9266	Hampshire County
25017	111022	Middlesex County
25019	886	Nantucket County
25021	50246	Norfolk County
25023	38681	Plymouth County
25025	44865	Suffolk County
25027	60080	Worcester County
26001	576	Alcona County
26003	553	Alger County
26005	7677	Allegan County
26007	1636	Alpena County
26009	1426	Antrim County
26011	909	Arenac County
26013	575	Baraga County
26015	3855	Barry County
26017	6688	Bay County
26019	1072	Benzie County
26021	9760	Berrien County
26023	2739	Branch County
26025	8498	Calhoun County
26027	3459	Cass County
26029	1657	Charlevoix County
26031	1653	Cheboygan County
26033	2408	Chippewa County
26035	1885	Clare County
26037	5433	Clinton County
26039	887	Crawford County
26041	2185	Delta County
26043	1660	Dickinson County
26045	7051	Eaton County
26047	1999	Emmet County
26049	27072	Genesee County
26051	1579	Gladwin County
26053	996	Gogebic County
26055	5803	Grand Traverse County
26057	2732	Gratiot County
26059	2810	Hillsdale County
26061	1710	Houghton County
26063	2005	Huron County
26065	15385	Ingham County
26067	4533	Ionia County
26069	1477	Iosco County
26071	585	Iron County
26073	3389	Isabella County
26075	10801	Jackson County
26077	14651	Kalamazoo County
26079	1106	Kalkaska County
26081	39771	Kent County
26083	87	Keweenaw County
26085	667	Lake County
26087	6629	Lapeer County
26089	1144	Leelanau County
26091	6516	Lenawee County
26093	14758	Livingston County
26095	431	Luce County
26097	647	Mackinac County
26099	62129	Macomb County
26101	1532	Manistee County
26103	3724	Marquette County
26105	1626	Mason County
26107	2246	Mecosta County
26109	1526	Menominee County
26111	5691	Midland County
26113	889	Missaukee County
26115	10498	Monroe County
26117	4254	Montcalm County
26119	503	Montmorency County
26121	10791	Muskegon County
26123	3021	Newaygo County
26125	90083	Oakland County
26127	1578	Oceana County
26129	1116	Ogemaw County
26131	334	Ontonagon County
26133	1403	Osceola County
26135	400	Oscoda County
26137	1625	Otsego County
26139	17084	Ottawa County
26141	656	Presque Isle County
26143	1361	Roscommon County
26145	12063	Saginaw County
26147	11582	St. Clair County
26149	3657	St. Joseph County
26151	2659	Sanilac County
26153	504	Schoolcraft County
26155	4823	Shiawassee County
26157	3550	Tuscola County
26159	4870	Van Buren County
26161	21821	Washtenaw County
26163	116801	Wayne County
26165	2091	Wexford County
27001	800	Aitkin County
27003	24948	Anoka County
27005	1852	Becker County
27007	2194	Beltrami County
27009	2502	Benton County
27011	260	Big Stone County
27013	3194	Blue Earth County
27015	1431	Brown County
27017	2369	Carlton County
27019	7895	Carver County
27021	1606	Cass County
27023	679	Chippewa County
27025	4240	Chisago County
27027	3172	Clay County
27029	476	Clearwater County
27031	322	Cook County
27033	664	Cottonwood County
27035	3642	Crow Wing County
27037	29166	Dakota County
27039	1377	Dodge County
27041	2031	Douglas County
27043	756	Faribault County
27045	1160	Fillmore County
27047	1743	Freeborn County
27049	2794	Goodhue County
27051	305	Grant County
27053	78265	Hennepin County
27055	1128	Houston County
27057	1136	Hubbard County
27059	2632	Isanti County
27061	2600	Itasca County
27063	569	Jackson County
27065	950	Kanabec County
27067	2320	Kandiyohi County
27069	259	Kittson County
27071	781	Koochiching County
27073	353	Lac qui Parle County
27075	572	Lake County
27077	227	Lake of the Woods County
27079	1930	Le Sueur County
27081	298	Lincoln County
27083	1400	Lyon County
27085	2358	McLeod County
27087	289	Mahnomen County
27089	535	Marshall County
27091	1085	Martin County
27093	1365	Meeker County
27095	1583	Mille Lacs County
27097	2032	Morrison County
27099	2333	Mower County
27101	483	Murray County
27103	1816	Nicollet County
27105	1232	Nobles County
27107	349	Norman County
27109	9023	Olmsted County
27111	3208	Otter Tail County
27113	816	Pennington County
27115	1897	Pine County
27117	516	Pipestone County
27119	1788	Polk County
27121	597	Pope County
27123	31186	Ramsey County
27125	223	Red Lake County
27127	872	Redwood County
27129	876	Renville County
27131	4168	Rice County
27133	510	Rock County
27135	1090	Roseau County
27137	11240	St. Louis County
27139	11162	Scott County
27141	6938	Sherburne County
27143	903	Sibley County
27145	9016	Stearns County
27147	2371	Steele County
27149	437	Stevens County
27151	558	Swift County
27153	1396	Todd County
27155	178	Traverse County
27157	1395	Wabasha County
27159	725	Wadena County
27161	1159	Waseca County
27163	18573	Washington County
27165	612	Watonwan County
27167	411	Wilkin County
27169	2617	Winona County
27171	9572	Wright County
27173	583	Yellow Medicine County
28001	1786	Adams County
28003	2415	Alcorn County
28005	706	Amite County
28007	1172	Attala County
28009	576	Benton County
28011	1840	Bolivar County
28013	994	Calhoun County
28015	615	Carroll County
28017	1049	Chickasaw County
28019	498	Choctaw County
28021	442	Claiborne County
28023	1002	Clarke County
28025	1178	Clay County
28027	1334	Coahoma County
28029	1613	Copiah County
28031	1218	Covington County
28033	12141	DeSoto County
28035	4167	Forrest County
28037	494	Franklin County
28039	1494	George County
28041	976	Greene County
28043	1399	Grenada County
28045	3026	Hancock County
28047	12006	Harrison County
28049	13935	Hinds County
28051	980	Holmes County
28053	505	Humphreys County
28055	89	Issaquena County
28057	1546	Itawamba County
28059	9216	Jackson County
28061	1036	Jasper County
28063	428	Jefferson County
28065	736	Jefferson Davis County
28067	4050	Jones County
28069	595	Kemper County
28071	2586	Lafayette County
28073	3774	Lamar County
28075	4849	Lauderdale County
28077	777	Lawrence County
28079	1337	Leake County
28081	5383	Lee County
28083	1647	Leflore County
28085	2161	Lincoln County
28087	3648	Lowndes County
28089	6847	Madison County
28091	1504	Marion County
28093	2320	Marshall County
28095	2319	Monroe County
28097	613	Montgomery County
28099	1719	Neshoba County
28101	1349	Newton County
28103	607	Noxubee County
28105	1946	Oktibbeha County
28107	2088	Panola County
28109	3515	Pearl River County
28111	764	Perry County
28113	2298	Pike County
28115	2009	Pontotoc County
28117	1650	Prentiss County
28119	458	Quitman County
28121	9932	Rankin County
28123	1693	Scott County
28125	254	Sharkey County
28127	1580	Simpson County
28129	1041	Smith County
28131	1143	Stone County
28133	1773	Sunflower County
28135	964	Tallahatchie County
28137	1776	Tate County
28139	1462	Tippah County
28141	1309	Tishomingo County
28143	580	Tunica County
28145	1890	Union County
28147	857	Walthall County
28149	2792	Warren County
28151	2793	Washington County
28153	1190	Wayne County
28155	652	Webster County
28157	536	Wilkinson County
28159	1114	Winston County
28161	726	Yalobusha County
28163	1641	Yazoo County
29001	1204	Adair County
29003	1114	Andrew County
29005	317	Atchison County
29007	1569	Audrain County
29009	2156	Barry County
29011	653	Barton County
29013	963	Bates County
29015	1100	Benton County
29017	812	Bollinger County
29019	9035	Boone County
29021	5349	Buchanan County
29023	2589	Butler County
29025	579	Caldwell County
29027	2922	Callaway County
29029	2577	Camden County
29031	4369	Cape Girardeau County
29033	565	Carroll County
29035	383	Carter County
29037	6625	Cass County
29039	820	Cedar County
29041	403	Chariton County
29043	5324	Christian County
29045	412	Clark County
29047	15827	Clay County
29049	1312	Clinton County
29051	5131	Cole County
29053	1068	Cooper County
29055	1514	Crawford County
29057	452	Dade County
29059	956	Dallas County
29061	476	Daviess County
29063	917	DeKalb County
29065	916	Dent County
29067	721	Douglas County
29069	1865	Dunklin County
29071	6898	Franklin County
29073	889	Gasconade County
29075	399	Gentry County
29077	16235	Greene County
29079	562	Grundy County
29081	449	Harrison County
29083	1242	Henry County
29085	552	Hickory County
29087	268	Holt County
29089	521	Howard County
29091	2377	Howell County
29093	634	Iron County
29095	42107	Jackson County
29097	6898	Jasper County
29099	15142	Jefferson County
29101	2553	Johnson County
29103	217	Knox County
29105	2219	Laclede County
29107	2127	Lafayette County
29109	2293	Lawrence County
29111	595	Lewis County
29113	3662	Lincoln County
29115	673	Linn County
29117	919	Livingston County
29119	1558	McDonald County
29121	950	Macon County
29123	780	Madison County
29125	575	Maries County
29127	1749	Marion County
29129	201	Mercer County
29131	1593	Miller County
29133	963	Mississippi County
29135	1049	Moniteau County
29137	494	Monroe County
29139	698	Montgomery County
29141	1102	Morgan County
29143	1120	New Madrid County
29145	3633	Newton County
29147	1032	Nodaway County
29149	599	Oregon County
29151	933	Osage County
29153	508	Ozark County
29155	1073	Pemiscot County
29157	1205	Perry County
29159	2437	Pettis County
29161	2410	Phelps County
29163	1229	Pike County
29165	6638	Platte County
29167	1737	Polk County
29169	2402	Pulaski County
29171	289	Putnam County
29173	654	Ralls County
29175	1739	Randolph County
29177	1544	Ray County
29179	377	Reynolds County
29181	813	Ripley County
29183	25653	St. Charles County
29185	551	St. Clair County
29186	1144	Ste. Genevieve County
29187	4404	St. Francois County
29189	62762	St. Louis County
29195	1279	Saline County
29197	254	Schuyler County
29199	247	Scotland County
29201	2439	Scott County
29203	512	Shannon County
29205	301	Shelby County
29207	1841	Stoddard County
29209	1776	Stone County
29211	445	Sullivan County
29213	3243	Taney County
29215	1505	Texas County
29217	1277	Vernon County
29219	2042	Warren County
29221	1708	Washington County
29223	874	Wayne County
29225	2498	Webster County
29227	116	Worth County
29229	1130	Wright County
29510	18547	St. Louis city
30001	452	Beaverhead County
30003	731	Big Horn County
30005	331	Blaine County
30007	383	Broadwater County
30009	579	Carbon County
30011	56	Carter County
30013	4403	Cascade County
30015	313	Chouteau County
30017	684	Custer County
30019	80	Daniels County
30021	504	Dawson County
30023	611	Deer Lodge County
30025	160	Fallon County
30027	615	Fergus County
30029	5735	Flathead County
30031	5357	Gallatin County
30033	61	Garfield County
30035	729	Glacier County
30037	45	Golden Valley County
30039	151	Granite County
30041	820	Hill County
30043	803	Jefferson County
30045	95	Judith Basin County
30047	1566	Lake County
30049	3986	Lewis and Clark County
30051	142	Liberty County
30053	1044	Lincoln County
30055	88	McCone County
30057	412	Madison County
30059	83	Meagher County
30061	226	Mineral County
30063	6254	Missoula County
30065	268	Musselshell County
30067	1010	Park County
30069	34	Petroleum County
30071	210	Phillips County
30073	325	Pondera County
30075	105	Powder River County
30077	497	Powell County
30079	50	Prairie County
30081	2529	Ravalli County
30083	683	Richland County
30085	519	Roosevelt County
30087	498	Rosebud County
30089	558	Sanders County
30091	179	Sheridan County
30093	2032	Silver Bow County
30095	600	Stillwater County
30097	211	Sweet Grass County
30099	328	Teton County
30101	300	Toole County
30103	36	Treasure County
30105	387	Valley County
30107	115	Wheatland County
30109	63	Wibaux County
30111	9121	Yellowstone County
31001	1774	Adams County
31003	297	Antelope County
31005	21	Arthur County
31007	30	Banner County
31009	34	Blaine County
31011	297	Boone County
31013	577	Box Butte County
31015	83	Boyd County
31017	153	Brown County
31019	2456	Buffalo County
31021	353	Burt County
31023	448	Butler County
31025	1622	Cass County
31027	464	Cedar County
31029	219	Chase County
31031	313	Cherry County
31033	626	Cheyenne County
31035	357	Clay County
31037	613	Colfax County
31039	522	Cuming County
31041	557	Custer County
31043	1233	Dakota County
31045	427	Dawes County
31047	1404	Dawson County
31049	113	Deuel County
31051	325	Dixon County
31053	2083	Dodge County
31055	33159	Douglas County
31057	92	Dundy County
31059	338	Fillmore County
31061	154	Franklin County
31063	139	Frontier County
31065	268	Furnas County
31067	1320	Gage County
31069	102	Garden County
31071	105	Garfield County
31073	95	Gosper County
31075	31	Grant County
31077	123	Greeley County
31079	3633	Hall County
31081	590	Hamilton County
31083	174	Harlan County
31085	21	Hayes County
31087	141	Hitchcock County
31089	510	Holt County
31091	31	Hooker County
31093	396	Howard County
31095	417	Jefferson County
31097	328	Johnson County
31099	371	Kearney County
31101	429	Keith County
31103	37	Keya Paha County
31105	221	Kimball County
31107	433	Knox County
31109	16677	Lancaster County
31111	2096	Lincoln County
31113	40	Logan County
31115	19	Loup County
31117	31	McPherson County
31119	1807	Madison County
31121	465	Merrick County
31123	281	Morrill County
31125	166	Nance County
31127	363	Nemaha County
31129	218	Nuckolls County
31131	929	Otoe County
31133	157	Pawnee County
31135	147	Perkins County
31137	509	Phelps County
31139	423	Pierce County
31141	1839	Platte County
31143	329	Polk County
31145	571	Red Willow County
31147	453	Richardson County
31149	58	Rock County
31151	845	Saline County
31153	11345	Sarpy County
31155	1348	Saunders County
31157	1899	Scotts Bluff County
31159	966	Seward County
31161	307	Sheridan County
31163	176	Sherman County
31165	64	Sioux County
31167	361	Stanton County
31169	287	Thayer County
31171	36	Thomas County
31173	337	Thurston County
31175	223	Valley County
31177	1278	Washington County
31179	457	Wayne County
31181	219	Webster County
31183	44	Wheeler County
31185	702	York County
32001	1345	Churchill County
32003	144681	Clark County
32005	2733	Douglas County
32007	3263	Elko County
32009	38	Esmeralda County
32011	143	Eureka County
32013	1081	Humboldt County
32015	400	Lander County
32017	306	Lincoln County
32019	3143	Lyon County
32021	229	Mineral County
32023	2294	Nye County
32027	573	Pershing County
32029	212	Storey County
32031	28862	Washoe County
32033	606	White Pine County
32510	3546	Carson City
33001	4043	Belknap County
33003	3067	Carroll County
33005	4823	Cheshire County
33007	2115	Coos County
33009	5362	Grafton County
33011	30361	Hillsborough County
33013	10386	Merrimack County
33015	23941	Rockingham County
33017	8264	Strafford County
33019	3037	Sullivan County
34001	18580	Atlantic County
34003	70320	Bergen County
34005	32654	Burlington County
34007	34957	Camden County
34009	5553	Cape May County
34011	10504	Cumberland County
34013	58019	Essex County
34015	21232	Gloucester County
34017	43723	Hudson County
34019	10451	Hunterdon County
34021	26456	Mercer County
34023	59090	Middlesex County
34025	47443	Monmouth County
34027	40039	Morris County
34029	35089	Ocean County
34031	34857	Passaic County
34033	4241	Salem County
34035	26559	Somerset County
34037	11650	Sussex County
34039	40740	Union County
34041	8314	Warren County
35001	40874	Bernalillo County
35003	126	Catron County
35005	3717	Chaves County
35006	1597	Cibola County
35007	649	Colfax County
35009	2411	Curry County
35011	82	De Baca County
35013	10974	Doña Ana County
35015	3230	Eddy County
35017	1417	Grant County
35019	234	Guadalupe County
35021	32	Harding County
35023	284	Hidalgo County
35025	3960	Lea County
35027	1024	Lincoln County
35028	1199	Los Alamos County
35029	1306	Luna County
35031	4265	McKinley County
35033	270	Mora County
35035	3274	Otero County
35037	474	Quay County
35039	2312	Rio Arriba County
35041	899	Roosevelt County
35043	8681	Sandoval County
35045	6487	San Juan County
35047	1619	San Miguel County
35049	9255	Santa Fe County
35051	557	Sierra County
35053	933	Socorro County
35055	2021	Taos County
35057	899	Torrance County
35059	253	Union County
35061	4706	Valencia County
36001	19428	Albany County
36003	2684	Allegany County
36005	95685	Bronx County
36007	11550	Broome County
36009	4895	Cattaraugus County
36011	5395	Cayuga County
36013	8115	Chautauqua County
36015	5632	Chemung County
36017	3222	Chenango County
36019	5379	Clinton County
36021	4327	Columbia County
36023	2881	Cortland County
36025	2876	Delaware County
36027	21789	Dutchess County
36029	60620	Erie County
36031	2568	Essex County
36033	3493	Franklin County
36035	3771	Fulton County
36037	4158	Genesee County
36039	3268	Greene County
36041	288	Hamilton County
36043	4066	Herkimer County
36045	6305	Jefferson County
36047	160905	Kings County
36049	1647	Lewis County
36051	4309	Livingston County
36053	4873	Madison County
36055	48872	Monroe County
36057	3150	Montgomery County
36059	97430	Nassau County
36061	105810	New York County
36063	14219	Niagara County
36065	15296	Oneida County
36067	30712	Onondaga County
36069	7584	Ontario County
36071	27197	Orange County
36073	2982	Orleans County
36075	8423	Oswego County
36077	3619	Otsego County
36079	8157	Putnam County
36081	162592	Queens County
36083	10672	Rensselaer County
36085	33493	Richmond County
36087	20745	Rockland County
36089	6880	St. Lawrence County
36091	17108	Saratoga County
36093	10208	Schenectady County
36095	2130	Schoharie County
36097	1265	Schuyler County
36099	2239	Seneca County
36101	6536	Steuben County
36103	114802	Suffolk County
36105	5242	Sullivan County
36107	3265	Tioga County
36109	5383	Tompkins County
36111	12681	Ulster County
36113	4520	Warren County
36115	4608	Washington County
36117	6629	Wayne County
36119	72345	Westchester County
36121	3122	Wyoming County
36123	1364	Yates County
37001	10917	Alamance County
37003	2626	Alexander County
37005	709	Alleghany County
37007	1738	Anson County
37009	1727	Ashe County
37011	1257	Avery County
37013	2813	Beaufort County
37015	1192	Bertie County
37017	2061	Bladen County
37019	6658	Brunswick County
37021	16228	Buncombe County
37023	6368	Burke County
37025	15022	Cabarrus County
37027	6118	Caldwell County
37029	804	Camden County
37031	4465	Carteret County
37033	1560	Caswell County
37035	11163	Catawba County
37037	4620	Chatham County
37039	1614	Cherokee County
37041	765	Chowan County
37043	586	Clay County
37045	6747	Cleveland County
37047	3589	Columbus County
37049	5198	Craven County
37051	17957	Cumberland County
37053	1877	Currituck County
37055	2463	Dare County
37057	12314	Davidson County
37059	2981	Davie County
37061	3708	Duplin County
37063	18603	Durham County
37065	3262	Edgecombe County
37067	24429	Forsyth County
37069	4530	Franklin County
37071	15606	Gaston County
37073	852	Gates County
37075	536	Graham County
37077	4632	Granville County
37079	1357	Greene County
37081	35059	Guilford County
37083	3335	Halifax County
37085	8046	Harnett County
37087	3865	Haywood County
37089	7083	Henderson County
37091	1425	Hertford County
37093	2963	Hoke County
37095	393	Hyde County
37097	12929	Iredell County
37099	2241	Jackson County
37101	14390	Johnston County
37103	611	Jones County
37105	3866	Lee County
37107	3500	Lenoir County
37109	6288	Lincoln County
37111	3119	McDowell County
37113	1874	Macon County
37115	1314	Madison County
37117	1521	Martin County
37119	72356	Mecklenburg County
37121	1035	Mitchell County
37123	1707	Montgomery County
37125	5513	Moore County
37127	6224	Nash County
37129	13591	New Hanover County
37131	1186	Northampton County
37133	7425	Onslow County
37135	9286	Orange County
37137	709	Pamlico County
37139	2301	Pasquotank County
37141	3946	Pender County
37143	794	Perquimans County
37145	2610	Person County
37147	9907	Pitt County
37149	1272	Polk County
37151	10463	Randolph County
37153	2846	Richmond County
37155	8381	Robeson County
37157	6460	Rockingham County
37159	9343	Rowan County
37161	4716	Rutherford County
37163	4210	Sampson County
37165	2250	Scotland County
37167	4168	Stanly County
37169	3471	Stokes County
37171	5105	Surry County
37173	833	Swain County
37175	1812	Transylvania County
37177	245	Tyrrell County
37179	18998	Union County
37181	2956	Vance County
37183	76138	Wake County
37185	1142	Warren County
37187	757	Washington County
37189	2639	Watauga County
37191	7526	Wayne County
37193	4613	Wilkes County
37195	5262	Wilson County
37197	2815	Yadkin County
37199	1177	Yancey County
38001	120	Adams County
38003	592	Barnes County
38005	361	Benson County
38007	49	Billings County
38009	351	Bottineau County
38011	154	Bowman County
38013	119	Burke County
38015	5295	Burleigh County
38017	9192	Cass County
38019	198	Cavalier County
38021	279	Dickey County
38023	119	Divide County
38025	263	Dunn County
38027	117	Eddy County
38029	181	Emmons County
38031	179	Foster County
38033	91	Golden Valley County
38035	3172	Grand Forks County
38037	120	Grant County
38039	118	Griggs County
38041	146	Hettinger County
38043	141	Kidder County
38045	190	LaMoure County
38047	96	Logan County
38049	350	McHenry County
38051	134	McIntosh County
38053	737	McKenzie County
38055	488	McLean County
38057	488	Mercer County
38059	1753	Morton County
38061	613	Mountrail County
38063	147	Nelson County
38065	103	Oliver County
38067	352	Pembina County
38069	243	Pierce County
38071	607	Ramsey County
38073	344	Ransom County
38075	137	Renville County
38077	873	Richland County
38079	797	Rolette County
38081	228	Sargent County
38083	83	Sheridan County
38085	273	Sioux County
38087	41	Slope County
38089	1747	Stark County
38091	102	Steele County
38093	1200	Stutsman County
38095	143	Towner County
38097	476	Traill County
38099	601	Walsh County
38101	3434	Ward County
38103	254	Wells County
38105	1945	Williams County
39001	1863	Adams County
39003	6056	Allen County
39005	3277	Ashland County
39007	6681	Ashtabula County
39009	3275	Athens County
39011	2890	Auglaize County
39013	4359	Belmont County
39015	2854	Brown County
39017	24452	Butler County
39019	1723	Carroll County
39021	2762	Champaign County
39023	8726	Clark County
39025	14044	Clermont County
39027	2625	Clinton County
39029	6832	Columbiana County
39031	2305	Coshocton County
39033	2728	Crawford County
39035	79349	Cuyahoga County
39037	3304	Darke County
39039	2275	Defiance County
39041	15492	Delaware County
39043	4794	Erie County
39045	10851	Fairfield County
39047	1878	Fayette County
39049	77868	Franklin County
39051	2778	Fulton County
39053	1799	Gallia County
39055	6758	Geauga County
39057	9873	Greene County
39059	2566	Guernsey County
39061	49635	Hamilton County
39063	4699	Hancock County
39065	1848	Hardin County
39067	1006	Harrison County
39069	1745	Henry County
39071	2892	Highland County
39073	1926	Hocking County
39075	2322	Holmes County
39077	3836	Huron County
39079	2144	Jackson County
39081	4150	Jefferson County
39083	3694	Knox County
39085	15683	Lake County
39087	4277	Lawrence County
39089	11769	Licking County
39091	2919	Logan County
39093	20756	Lorain County
39095	26475	Lucas County
39097	3323	Madison County
39099	14206	Mahoning County
39101	4511	Marion County
39103	13176	Medina County
39105	1568	Meigs County
39107	2383	Mercer County
39109	6939	Miami County
39111	921	Monroe County
39113	32908	Montgomery County
39115	901	Morgan County
39117	2443	Morrow County
39119	5569	Muskingum County
39121	804	Noble County
39123	2502	Ottawa County
39125	1193	Paulding County
39127	2504	Perry County
39129	4116	Pickaway County
39131	1861	Pike County
39133	10350	Portage County
39135	2695	Preble County
39137	2133	Putnam County
39139	7694	Richland County
39141	5631	Ross County
39143	3837	Sandusky County
39145	4851	Scioto County
39147	3249	Seneca County
39149	3241	Shelby County
39151	24314	Stark County
39153	35958	Summit County
39155	13105	Trumbull County
39157	5690	Tuscarawas County
39159	4264	Union County
39161	1729	Van Wert County
39163	870	Vinton County
39165	17419	Warren County
39167	3892	Washington County
39169	6733	Wayne County
39171	2253	Williams County
39173	7290	Wood County
39175	1402	Wyandot County
40001	1377	Adair County
40003	460	Alfalfa County
40005	790	Atoka County
40007	324	Beaver County
40009	1340	Beckham County
40011	532	Blaine County
40013	2610	Bryan County
40015	1775	Caddo County
40017	8324	Canadian County
40019	2829	Carter County
40021	2602	Cherokee County
40023	822	Choctaw County
40025	104	Cimarron County
40027	15567	Cleveland County
40029	303	Coal County
40031	6755	Comanche County
40033	398	Cotton County
40035	949	Craig County
40037	4448	Creek County
40039	1366	Custer County
40041	2467	Delaware County
40043	288	Dewey County
40045	221	Ellis County
40047	3350	Garfield County
40049	1583	Garvin County
40051	3407	Grady County
40053	251	Grant County
40055	388	Greer County
40057	173	Harmon County
40059	194	Harper County
40061	766	Haskell County
40063	808	Hughes County
40065	1381	Jackson County
40067	354	Jefferson County
40069	664	Johnston County
40071	2459	Kay County
40073	918	Kingfisher County
40075	496	Kiowa County
40077	601	Latimer County
40079	3046	Le Flore County
40081	2200	Lincoln County
40083	2703	Logan County
40085	575	Love County
40087	2361	McClain County
40089	2012	McCurtain County
40091	1118	McIntosh County
40093	402	Major County
40095	919	Marshall County
40097	2455	Mayes County
40099	793	Murray County
40101	4002	Muskogee County
40103	781	Noble County
40105	649	Nowata County
40107	792	Okfuskee County
40109	43928	Oklahoma County
40111	2253	Okmulgee County
40113	2872	Osage County
40115	1801	Ottawa County
40117	1094	Pawnee County
40119	3377	Payne County
40121	2641	Pittsburg County
40123	2058	Pontotoc County
40125	4182	Pottawatomie County
40127	689	Pushmataha County
40129	216	Roger Mills County
40131	6014	Rogers County
40133	1475	Seminole County
40135	2687	Sequoyah County
40137	2482	Stephens County
40139	1301	Texas County
40141	447	Tillman County
40143	38860	Tulsa County
40145	4825	Wagoner County
40147	2910	Washington County
40149	635	Washita County
40151	445	Woods County
40153	1270	Woodward County
41001	878	Baker County
41003	4324	Benton County
41005	27151	Clackamas County
41007	2087	Clatsop County
41009	3461	Columbia County
41011	3309	Coos County
41013	1152	Crook County
41015	1157	Curry County
41017	11342	Deschutes County
41019	6024	Douglas County
41021	90	Gilliam County
41023	355	Grant County
41025	393	Harney County
41027	1553	Hood River County
41029	12221	Jackson County
41031	1347	Jefferson County
41033	4694	Josephine County
41035	3723	Klamath County
41037	466	Lake County
41039	20479	Lane County
41041	2550	Lincoln County
41043	7159	Linn County
41045	1779	Malheur County
41047	19913	Marion County
41049	646	Morrow County
41051	54211	Multnomah County
41053	4489	Polk County
41055	81	Sherman County
41057	1444	Tillamook County
41059	4682	Umatilla County
41061	1263	Union County
41063	341	Wallowa County
41065	1400	Wasco County
41067	40071	Washington County
41069	57	Wheeler County
41071	6465	Yamhill County
42001	7089	Adams County
42003	75277	Allegheny County
42005	4590	Armstrong County
42007	10705	Beaver County
42009	3357	Bedford County
42011	28092	Berks County
42013	7989	Blair County
42015	3968	Bradford County
42017	45834	Bucks County
42019	13530	Butler County
42021	8396	Cambria County
42023	289	Cameron County
42025	4613	Carbon County
42027	8897	Centre County
42029	37220	Chester County
42031	2407	Clarion County
42033	5948	Clearfield County
42035	2257	Clinton County
42037	4108	Columbia County
42039	5695	Crawford County
42041	16423	Cumberland County
42043	17827	Dauphin County
42045	36816	Delaware County
42047	2358	Elk County
42049	17386	Erie County
42051	9182	Fayette County
42053	506	Forest County
42055	10176	Franklin County
42057	1038	Fulton County
42059	2566	Greene County
42061	3107	Huntingdon County
42063	5063	Indiana County
42065	2856	Jefferson County
42067	1627	Juniata County
42069	13793	Lackawanna County
42071	32538	Lancaster County
42073	5646	Lawrence County
42075	8600	Lebanon County
42077	23841	Lehigh County
42079	22005	Luzerne County
42081	7281	Lycoming County
42083	2832	McKean County
42085	7323	Mercer County
42087	3138	Mifflin County
42089	12317	Monroe County
42091	57335	Montgomery County
42093	1165	Montour County
42095	20547	Northampton County
42097	6100	Northumberland County
42099	3334	Perry County
42101	92683	Philadelphia County
42103	4147	Pike County
42105	1053	Potter County
42107	10453	Schuylkill County
42109	2594	Snyder County
42111	5136	Somerset County
42113	363	Sullivan County
42115	2756	Susquehanna County
42117	2589	Tioga County
42119	2950	Union County
42121	3343	Venango County
42123	2713	Warren County
42125	14062	Washington County
42127	3657	Wayne County
42129	24933	Westmoreland County
42131	1789	Wyoming County
42133	31395	York County
44001	3399	Bristol County
44003	11986	Kent County
44005	5411	Newport County
44007	42136	Providence County
44009	8374	Washington County
45001	1586	Abbeville County
45003	10317	Aiken County
45005	666	Allendale County
45007	12959	Anderson County
45009	862	Bamberg County
45011	1312	Barnwell County
45013	8992	Beaufort County
45015	12968	Berkeley County
45017	960	Calhoun County
45019	23224	Charleston County
45021	3866	Cherokee County
45023	2206	Chester County
45025	3309	Chesterfield County
45027	1955	Clarendon County
45029	2361	Colleton County
45031	4287	Darlington County
45033	1900	Dillon County
45035	10768	Dorchester County
45037	1904	Edgefield County
45039	1496	Fairfield County
45041	8774	Florence County
45043	3575	Georgetown County
45045	32752	Greenville County
45047	4508	Greenwood County
45049	1300	Hampton County
45051	18758	Horry County
45053	1731	Jasper County
45055	4117	Kershaw County
45057	5559	Lancaster County
45059	4431	Laurens County
45061	1036	Lee County
45063	19370	Lexington County
45065	585	McCormick County
45067	1875	Marion County
45069	1822	Marlboro County
45071	2262	Newberry County
45073	4595	Oconee County
45075	5138	Orangeburg County
45077	7207	Pickens County
45079	24006	Richland County
45081	1286	Saluda County
45083	20114	Spartanburg County
45085	6381	Sumter County
45087	1834	Union County
45089	2047	Williamsburg County
45091	18353	York County
46003	145	Aurora County
46005	1001	Beadle County
46007	165	Bennett County
46009	415	Bon Homme County
46011	1492	Brookings County
46013	2222	Brown County
46015	309	Brule County
46017	108	Buffalo County
46019	577	Butte County
46021	67	Campbell County
46023	475	Charles Mix County
46025	186	Clark County
46027	574	Clay County
46029	1662	Codington County
46031	231	Corson County
46033	477	Custer County
46035	1015	Davison County
46037	269	Day County
46039	249	Deuel County
46041	303	Dewey County
46043	158	Douglas County
46045	226	Edmunds County
46047	390	Fall River County
46049	107	Faulk County
46051	359	Grant County
46053	209	Gregory County
46055	87	Haakon County
46057	295	Hamlin County
46059	187	Hand County
46061	213	Hanson County
46063	69	Harding County
46065	1062	Hughes County
46067	364	Hutchinson County
46069	61	Hyde County
46071	178	Jackson County
46073	86	Jerauld County
46075	48	Jones County
46077	241	Kingsbury County
46079	631	Lake County
46081	1302	Lawrence County
46083	3237	Lincoln County
46085	193	Lyman County
46087	313	McCook County
46089	122	McPherson County
46091	248	Marshall County
46093	1361	Meade County
46095	108	Mellette County
46097	107	Miner County
46099	11039	Minnehaha County
46101	411	Moody County
46102	775	Oglala Lakota County
46103	5858	Pennington County
46105	177	Perkins County
46107	119	Potter County
46109	577	Roberts County
46111	107	Sanborn County
46115	338	Spink County
46117	211	Stanley County
46119	82	Sully County
46121	434	Todd County
46123	283	Tripp County
46125	451	Turner County
46127	984	Union County
46129	289	Walworth County
46135	1456	Yankton County
46137	155	Ziebach County
47001	4959	Anderson County
47003	3075	Bedford County
47005	1098	Benton County
47007	1120	Bledsoe County
47009	8926	Blount County
47011	7108	Bradley County
47013	2797	Campbell County
47015	984	Cannon County
47017	1868	Carroll County
47019	3929	Carter County
47021	2958	Cheatham County
47023	1022	Chester County
47025	2184	Claiborne County
47027	536	Clay County
47029	2397	Cocke County
47031	3474	Coffee County
47033	881	Crockett County
47035	3298	Cumberland County
47037	40820	Davidson County
47039	718	Decatur County
47041	1261	DeKalb County
47043	3604	Dickson County
47045	2507	Dyer County
47047	2521	Fayette County
47049	1253	Fentress County
47051	2385	Franklin County
47053	2992	Gibson County
47055	1869	Giles County
47057	1760	Grainger County
47059	4719	Greene County
47061	828	Grundy County
47063	4311	Hamblen County
47065	22613	Hamilton County
47067	411	Hancock County
47069	1717	Hardeman County
47071	1715	Hardin County
47073	4034	Hawkins County
47075	1143	Haywood County
47077	1848	Henderson County
47079	2019	Henry County
47081	1725	Hickman County
47083	523	Houston County
47085	1166	Humphreys County
47087	792	Jackson County
47089	3646	Jefferson County
47091	1363	Johnson County
47093	28834	Knox County
47095	535	Lake County
47097	1797	Lauderdale County
47099	2836	Lawrence County
47101	702	Lewis County
47103	2257	Lincoln County
47105	3172	Loudon County
47107	3646	McMinn County
47109	1673	McNairy County
47111	1631	Macon County
47113	5970	Madison County
47115	1864	Marion County
47117	2195	Marshall County
47119	5395	Maury County
47121	829	Meigs County
47123	3055	Monroe County
47125	10785	Montgomery County
47127	425	Moore County
47129	1596	Morgan County
47131	1981	Obion County
47133	1465	Overton County
47135	466	Perry County
47137	343	Pickett County
47139	1218	Polk County
47141	4527	Putnam County
47143	2168	Rhea County
47145	3599	Roane County
47147	4648	Robertson County
47149	19694	Rutherford County
47151	1499	Scott County
47153	989	Sequatchie County
47155	6516	Sevier County
47157	59619	Shelby County
47159	1308	Smith County
47161	915	Stewart County
47163	10869	Sullivan County
47165	12414	Sumner County
47167	4243	Tipton County
47169	563	Trousdale County
47171	1202	Unicoi County
47173	1321	Union County
47175	391	Van Buren County
47177	2616	Warren County
47179	8116	Washington County
47181	1250	Wayne County
47183	2033	Weakley County
47185	1723	White County
47187	17051	Williamson County
47189	9354	Wilson County
48001	4425	Anderson County
48003	1055	Andrews County
48005	5509	Angelina County
48007	1313	Aransas County
48009	561	Archer County
48011	104	Armstrong County
48013	2838	Atascosa County
48015	1818	Austin County
48017	395	Bailey County
48019	1239	Bandera County
48021	5239	Bastrop County
48023	218	Baylor County
48025	2249	Bee County
48027	17935	Bell County
48029	115673	Bexar County
48031	664	Blanco County
48033	52	Borden County
48035	1065	Bosque County
48037	5818	Bowie County
48039	23634	Brazoria County
48041	9929	Brazos County
48043	535	Brewster County
48045	87	Briscoe County
48047	339	Brooks County
48049	2191	Brown County
48051	1119	Burleson County
48053	2502	Burnet County
48055	2484	Caldwell County
48057	1305	Calhoun County
48059	834	Callahan County
48061	24137	Cameron County
48063	733	Camp County
48065	348	Carson County
48067	1864	Cass County
48069	395	Castro County
48071	2707	Chambers County
48073	3152	Cherokee County
48075	325	Childress County
48077	641	Clay County
48079	177	Cochran County
48081	183	Coke County
48083	460	Coleman County
48085	72137	Collin County
48087	167	Collingsworth County
48089	1206	Colorado County
48091	8565	Comal County
48093	857	Comanche County
48095	353	Concho County
48097	2335	Cooke County
48099	4397	Coryell County
48101	61	Cottle County
48103	306	Crane County
48105	216	Crockett County
48107	311	Crosby County
48109	131	Culberson County
48111	447	Dallam County
48113	165100	Dallas County
48115	669	Dawson County
48117	1021	Deaf Smith County
48119	329	Delta County
48121	58173	Denton County
48123	1309	DeWitt County
48125	98	Dickens County
48127	588	Dimmit County
48129	164	Donley County
48131	645	Duval County
48133	953	Eastland County
48135	8597	Ector County
48137	83	Edwards County
48139	11056	Ellis County
48141	48721	El Paso County
48143	2082	Erath County
48145	1069	Falls County
48147	2192	Fannin County
48149	1348	Fayette County
48151	210	Fisher County
48153	321	Floyd County
48155	89	Foard County
48157	51938	Fort Bend County
48159	618	Franklin County
48161	1232	Freestone County
48163	1002	Frio County
48165	1020	Gaines County
48167	21194	Galveston County
48169	509	Garza County
48171	1328	Gillespie County
48173	78	Glasscock County
48175	468	Goliad County
48177	1188	Gonzales County
48179	1537	Gray County
48181	7740	Grayson County
48183	7107	Gregg County
48185	1767	Grimes County
48187	10529	Guadalupe County
48189	1989	Hale County
48191	174	Hall County
48193	447	Hamilton County
48195	326	Hansford County
48197	226	Hardeman County
48199	3575	Hardin County
48201	290635	Harris County
48203	3945	Harrison County
48205	524	Hartley County
48207	289	Haskell County
48209	11062	Hays County
48211	228	Hemphill County
48213	4828	Henderson County
48215	47898	Hidalgo County
48217	2029	Hill County
48219	1208	Hockley County
48221	3069	Hood County
48223	2208	Hopkins County
48225	1513	Houston County
48227	2711	Howard County
48229	207	Hudspeth County
48231	5762	Hunt County
48233	1186	Hutchinson County
48235	87	Irion County
48237	601	Jack County
48239	772	Jackson County
48241	2163	Jasper County
48243	115	Jeff Davis County
48245	15474	Jefferson County
48247	277	Jim Hogg County
48249	2303	Jim Wells County
48251	10650	Johnson County
48253	1427	Jones County
48255	895	Karnes County
48257	7709	Kaufman County
48259	2645	Kendall County
48261	29	Kenedy County
48263	41	Kent County
48265	2706	Kerr County
48267	226	Kimble County
48269	21	King County
48271	193	Kinney County
48273	1417	Kleberg County
48275	205	Knox County
48277	3190	Lamar County
48279	808	Lamb County
48281	1336	Lampasas County
48283	438	La Salle County
48285	1091	Lavaca County
48287	1044	Lee County
48289	854	Leon County
48291	5250	Liberty County
48293	1309	Limestone County
48295	184	Lipscomb County
48297	698	Live Oak County
48299	983	Llano County
48301	6	Loving County
48303	15113	Lubbock County
48305	340	Lynn County
48307	490	McCulloch County
48309	13283	McLennan County
48311	60	McMullen County
48313	799	Madison County
48315	595	Marion County
48317	325	Martin County
48319	228	Mason County
48321	2058	Matagorda County
48323	3263	Maverick County
48325	3214	Medina County
48327	126	Menard County
48329	8648	Midland County
48331	1404	Milam County
48333	287	Mills County
48335	564	Mitchell County
48337	1156	Montague County
48339	37232	Montgomery County
48341	1284	Moore County
48343	674	Morris County
48345	41	Motley County
48347	3272	Nacogdoches County
48349	2927	Navarro County
48351	900	Newton County
48353	894	Nolan County
48355	20606	Nueces County
48357	590	Ochiltree County
48359	134	Oldham County
48361	5230	Orange County
48363	1647	Palo Pinto County
48365	1294	Panola County
48367	8535	Parker County
48369	635	Parmer County
48371	1107	Pecos County
48373	2888	Polk County
48375	7418	Potter County
48377	397	Presidio County
48379	691	Rains County
48381	7332	Randall County
48383	248	Reagan County
48385	195	Real County
48387	775	Red River County
48389	985	Reeves County
48391	418	Refugio County
48393	57	Roberts County
48395	1021	Robertson County
48397	6734	Rockwall County
48399	621	Runnels County
48401	3360	Rusk County
48403	559	Sabine County
48405	493	San Augustine County
48407	1564	San Jacinto County
48409	3978	San Patricio County
48411	298	San Saba County
48413	172	Schleicher County
48415	1052	Scurry County
48417	196	Shackelford County
48419	1544	Shelby County
48421	209	Sherman County
48423	12836	Smith County
48425	562	Somervell County
48427	3716	Starr County
48429	506	Stephens County
48431	74	Sterling County
48433	70	Stonewall County
48435	267	Sutton County
48437	427	Swisher County
48439	133422	Tarrant County
48441	6860	Taylor County
48443	47	Terrell County
48445	729	Terry County
48447	78	Throckmorton County
48449	2010	Titus County
48451	6217	Tom Green County
48453	77344	Travis County
48455	781	Trinity County
48457	1250	Tyler County
48459	2439	Upshur County
48461	186	Upton County
48463	1491	Uvalde County
48465	2674	Val Verde County
48467	3329	Van Zandt County
48469	5040	Victoria County
48471	5038	Walker County
48473	2634	Waller County
48475	643	Ward County
48477	1965	Washington County
48479	16012	Webb County
48481	2461	Wharton County
48483	283	Wheeler County
48485	7050	Wichita County
48487	693	Wilbarger County
48489	1148	Willacy County
48491	36475	Williamson County
48493	3280	Wilson County
48495	447	Winkler County
48497	4276	Wise County
48499	2293	Wood County
48501	465	Yoakum County
48503	1033	Young County
48505	758	Zapata County
48507	658	Zavala County
49001	317	Beaver County
49003	2547	Box Elder County
49005	5013	Cache County
49007	962	Carbon County
49009	49	Daggett County
49011	17766	Davis County
49013	943	Duchesne County
49015	487	Emery County
49017	241	Garfield County
49019	543	Grand County
49021	2149	Iron County
49023	543	Juab County
49025	345	Kane County
49027	565	Millard County
49029	616	Morgan County
49031	62	Piute County
49033	108	Rich County
49035	63843	Salt Lake County
49037	795	San Juan County
49039	1417	Sanpete County
49041	985	Sevier County
49043	3116	Summit County
49045	3594	Tooele County
49047	1764	Uintah County
49049	25194	Utah County
49051	1676	Wasatch County
49053	7199	Washington County
49055	132	Wayne County
49057	13071	Weber County
50001	2494	Addison County
50003	2370	Bennington County
50005	1901	Caledonia County
50007	10275	Chittenden County
50009	414	Essex County
50011	3525	Franklin County
50013	481	Grand Isle County
50015	1680	Lamoille County
50017	1889	Orange County
50019	1744	Orleans County
50021	3934	Rutland County
50023	4069	Washington County
50025	2744	Windham County
50027	3503	Windsor County
51001	1931	Accomack County
51003	6485	Albemarle County
51005	1065	Alleghany County
51007	884	Amelia County
51009	2138	Amherst County
51011	933	Appomattox County
51013	14986	Arlington County
51015	5147	Augusta County
51017	311	Bath County
51019	5300	Bedford County
51021	501	Bland County
51023	2457	Botetourt County
51025	1045	Brunswick County
51027	1642	Buchanan County
51029	1254	Buckingham County
51031	3695	Campbell County
51033	1979	Caroline County
51035	2063	Carroll County
51036	516	Charles City County
51037	732	Charlotte County
51041	24001	Chesterfield County
51043	1088	Clarke County
51045	359	Craig County
51047	3435	Culpeper County
51049	675	Cumberland County
51051	931	Dickenson County
51053	1947	Dinwiddie County
51057	728	Essex County
51059	84232	Fairfax County
51061	5104	Fauquier County
51063	1061	Floyd County
51065	1855	Fluvanna County
51067	3723	Franklin County
51069	6042	Frederick County
51071	1200	Giles County
51073	2482	Gloucester County
51075	1637	Goochland County
51077	1113	Grayson County
51079	1324	Greene County
51081	1001	Greensville County
51083	2153	Halifax County
51085	7644	Hanover County
51087	22124	Henrico County
51089	3524	Henry County
51091	104	Highland County
51093	2453	Isle of Wight County
51095	4689	James City County
51097	457	King and Queen County
51099	1794	King George County
51101	1101	King William County
51103	512	Lancaster County
51105	1654	Lee County
51107	31281	Loudoun County
51109	2379	Louisa County
51111	789	Lunenburg County
51113	796	Madison County
51115	548	Mathews County
51117	1793	Mecklenburg County
51119	621	Middlesex County
51121	4948	Montgomery County
51125	857	Nelson County
51127	1505	New Kent County
51131	594	Northampton County
51133	589	Northumberland County
51135	1040	Nottoway County
51137	2383	Orange County
51139	1642	Page County
51141	1223	Patrick County
51143	4245	Pittsylvania County
51145	2357	Powhatan County
51147	1149	Prince Edward County
51149	2500	Prince George County
51153	33494	Prince William County
51155	2518	Pulaski County
51157	470	Rappahannock County
51159	638	Richmond County
51161	6456	Roanoke County
51163	1452	Rockbridge County
51165	5068	Rockingham County
51167	1862	Russell County
51169	1505	Scott County
51171	2944	Shenandoah County
51173	2166	Smyth County
51175	1415	Southampton County
51177	9662	Spotsylvania County
51179	10909	Stafford County
51181	442	Surry County
51183	821	Sussex County
51185	2708	Tazewell County
51187	2747	Warren County
51191	3623	Washington County
51193	968	Westmoreland County
51195	2677	Wise County
51197	2072	Wythe County
51199	4462	York County
51510	10949	Alexandria city
51520	1097	Bristol city
51530	413	Buena Vista city
51540	2501	Charlottesville city
51550	15622	Chesapeake city
51570	1035	Colonial Heights city
51580	384	Covington city
51590	2385	Danville city
51595	340	Emporia city
51600	1546	Fairfax city
51610	1068	Falls Church city
51620	486	Franklin city
51630	1525	Fredericksburg city
51640	472	Galax city
51650	7543	Hampton city
51660	2372	Harrisonburg city
51670	1355	Hopewell city
51678	201	Lexington city
51680	3577	Lynchburg city
51683	2710	Manassas city
51685	1180	Manassas Park city
51690	882	Martinsville city
51700	10032	Newport News city
51710	11932	Norfolk city
51720	241	Norton city
51730	2052	Petersburg city
51735	836	Poquoson city
51740	5273	Portsmouth city
51750	737	Radford city
51760	12325	Richmond city
51770	6387	Roanoke city
51775	1612	Salem city
51790	1448	Staunton city
51800	6037	Suffolk city
51810	28715	Virginia Beach city
51820	1212	Waynesboro city
51830	551	Williamsburg city
51840	1678	Winchester city
53001	1030	Adams County
53003	1285	Asotin County
53005	11259	Benton County
53007	4275	Chelan County
53009	3627	Clallam County
53011	30728	Clark County
53013	226	Columbia County
53015	6408	Cowlitz County
53017	2348	Douglas County
53019	434	Ferry County
53021	4798	Franklin County
53023	107	Garfield County
53025	5132	Grant County
53027	4268	Grays Harbor County
53029	4027	Island County
53031	1456	Jefferson County
53033	148777	King County
53035	15649	Kitsap County
53037	2153	Kittitas County
53039	1277	Klickitat County
53041	4435	Lewis County
53043	560	Lincoln County
53045	3490	Mason County
53047	2227	Okanogan County
53049	1108	Pacific County
53051	767	Pend Oreille County
53053	54180	Pierce County
53055	913	San Juan County
53057	6924	Skagit County
53059	751	Skamania County
53061	54878	Snohomish County
53063	29407	Spokane County
53065	2589	Stevens County
53067	17062	Thurston County
53069	211	Wahkiakum County
53071	3390	Walla Walla County
53073	12505	Whatcom County
53075	1823	Whitman County
53077	13937	Yakima County
54001	1048	Barbour County
54003	8105	Berkeley County
54005	1560	Boone County
54007	950	Braxton County
54009	1477	Brooke County
54011	5614	Cabell County
54013	488	Calhoun County
54015	566	Clay County
54017	584	Doddridge County
54019	2828	Fayette County
54021	567	Gilmer County
54023	837	Grant County
54025	2199	Greenbrier County
54027	1690	Hampshire County
54029	1979	Hancock County
54031	948	Hardy County
54033	4395	Harrison County
54035	1879	Jackson County
54037	4266	Jefferson County
54039	11553	Kanawha County
54041	1104	Lewis County
54043	1482	Lincoln County
54045	2250	Logan County
54047	1232	McDowell County
54049	3634	Marion County
54051	2060	Marshall County
54053	1665	Mason County
54055	3667	Mercer County
54057	1878	Mineral County
54059	1685	Mingo County
54061	5408	Monongalia County
54063	883	Monroe County
54065	1240	Morgan County
54067	1663	Nicholas County
54069	2502	Ohio County
54071	433	Pendleton County
54073	548	Pleasants County
54075	546	Pocahontas County
54077	2303	Preston County
54079	3956	Putnam County
54081	4677	Raleigh County
54083	1933	Randolph County
54085	667	Ritchie County
54087	926	Roane County
54089	845	Summers County
54091	1181	Taylor County
54093	477	Tucker County
54095	644	Tyler County
54097	1528	Upshur County
54099	2819	Wayne County
54101	582	Webster County
54103	1096	Wetzel County
54105	397	Wirt County
54107	5753	Wood County
54109	1351	Wyoming County
55001	1185	Adams County
55003	954	Ashland County
55005	2823	Barron County
55007	930	Bayfield County
55009	17086	Brown County
55011	875	Buffalo County
55013	888	Burnett County
55015	3866	Calumet County
55017	4139	Chippewa County
55019	1976	Clark County
55021	3979	Columbia County
55023	987	Crawford County
55025	32149	Dane County
55027	6294	Dodge County
55029	1545	Door County
55031	2724	Douglas County
55033	2476	Dunn County
55035	5532	Eau Claire County
55037	315	Florence County
55039	6796	Fond du Lac County
55041	553	Forest County
55043	2691	Grant County
55045	2519	Green County
55047	1139	Green Lake County
55049	1567	Iowa County
55051	357	Iron County
55053	1371	Jackson County
55055	5746	Jefferson County
55057	1826	Juneau County
55059	11847	Kenosha County
55061	1370	Kewaunee County
55063	6777	La Crosse County
55065	1030	Lafayette County
55067	1168	Langlade County
55069	1981	Lincoln County
55071	5332	Manitowoc County
55073	9227	Marathon County
55075	2463	Marinette County
55077	952	Marquette County
55078	267	Menominee County
55079	57292	Milwaukee County
55081	2755	Monroe County
55083	2705	Oconto County
55085	2217	Oneida County
55087	12692	Outagamie County
55089	6158	Ozaukee County
55091	474	Pepin County
55093	2601	Pierce County
55095	2958	Polk County
55097	4122	Portage County
55099	853	Price County
55101	13379	Racine County
55103	1021	Richland County
55105	10789	Rock County
55107	868	Rusk County
55109	6359	St. Croix County
55111	4144	Sauk County
55113	934	Sawyer County
55115	2800	Shawano County
55117	7873	Sheboygan County
55119	1325	Taylor County
55121	2017	Trempealeau County
55123	1761	Vernon County
55125	1261	Vilas County
55127	6574	Walworth County
55129	904	Washburn County
55131	9976	Washington County
55133	28016	Waukesha County
55135	3444	Waupaca County
55137	1533	Waushara County
55139	10999	Winnebago County
55141	4752	Wood County
56001	1526	Albany County
56003	667	Big Horn County
56005	2799	Campbell County
56007	909	Carbon County
56009	910	Converse County
56011	425	Crook County
56013	2163	Fremont County
56015	700	Goshen County
56017	222	Hot Springs County
56019	455	Johnson County
56021	5681	Laramie County
56023	1035	Lincoln County
56025	4617	Natrona County
56027	141	Niobrara County
56029	1514	Park County
56031	520	Platte County
56033	1704	Sheridan County
56035	631	Sublette County
56037	2503	Sweetwater County
56039	1560	Teton County
56041	1109	Uinta County
56043	460	Washakie County
56045	398	Weston County
